Source,Target
PoloChau,severinhacker
PoloChau,albertocairo
PoloChau,FisherDanyel
PoloChau,LMNault
PoloChau,adarrow
PoloChau,JakeP
PoloChau,kimisperros
PoloChau,Prof_DavidBader
PoloChau,jonfroehlich
PoloChau,ibogost
PoloChau,khusape
PoloChau,TheNextCorner
PoloChau,zkancs
PoloChau,ddol
PoloChau,CptPositive
PoloChau,GTRI
PoloChau,kedwards
PoloChau,goodfellow_ian
PoloChau,dennybritz
PoloChau,austinbenson
severinhacker,switzerland099
severinhacker,hyrumwright
severinhacker,sieg
severinhacker,gabrielgambetta
severinhacker,RyanMunson21
severinhacker,kdub0
severinhacker,hmslydia
severinhacker,P4ndaGirl
severinhacker,StunnaDonDada
severinhacker,rickaroundhere
severinhacker,TimeSpaceOne
severinhacker,drob
severinhacker,triplejberger
severinhacker,daveclark
severinhacker,LexiBelc
severinhacker,ScottAdamsSays
severinhacker,cavanaughnate
severinhacker,christina_ooi
severinhacker,Steve_Ridout
severinhacker,tommmitchell
albertocairo,aric_chokey
albertocairo,NZZStorytelling
albertocairo,jugalpatelNYT
albertocairo,Prof_BearB
albertocairo,shannimcg
albertocairo,bnj_cooley
albertocairo,juliagalef
albertocairo,Court_Jeffrey
albertocairo,NHC_Atlantic
albertocairo,johntstasko
albertocairo,eric_d_lawrence
albertocairo,_ritacosta_
albertocairo,ht0ma
albertocairo,al_hurley538
albertocairo,LaurenRohr
albertocairo,wihbey
albertocairo,SzaboHaslam
albertocairo,emilybartha
albertocairo,andrewheiss
albertocairo,MiamiSup
FisherDanyel,ken_hinckley
FisherDanyel,ieeevgtc
FisherDanyel,d3visualization
FisherDanyel,RabbiDoubleA
FisherDanyel,MattNegrin
FisherDanyel,20korg
FisherDanyel,LeeNapier7
FisherDanyel,GeneticJen
FisherDanyel,tanner_jaime
FisherDanyel,HannahFoxwell
FisherDanyel,vlandham
FisherDanyel,davidcrosss
FisherDanyel,Zipcar
FisherDanyel,CharlesPPierce
FisherDanyel,gillianrhayes
FisherDanyel,danulf
FisherDanyel,ann_leckie
FisherDanyel,thinkpiecebot
FisherDanyel,zeynep
FisherDanyel,GoldyHA
LMNault,docbaty
LMNault,ericsimons
LMNault,paulg
LMNault,joshcarpenter
LMNault,AndrewCrow
LMNault,NNgroup
LMNault,jnd1er
LMNault,blaurel
LMNault,mlssamrtn
LMNault,SoniaKoesterer
LMNault,girlracer68
LMNault,jlinowski
LMNault,monteiro
LMNault,lea_designer
LMNault,ericstrenger
LMNault,shodoshan
LMNault,livlab
LMNault,karaswisher
LMNault,Blair591
LMNault,ideo
adarrow,TwitterVideo
adarrow,VELUXAmerica
adarrow,FluidWaterMeter
adarrow,AltHHS
adarrow,AltForestServ
adarrow,NASA
adarrow,alt_fda
adarrow,NotAltWorld
adarrow,BadlandsNPS
adarrow,HalfOnionInABag
adarrow,ivanka
adarrow,MatureTrumpTwts
adarrow,ObamaWhiteHouse
adarrow,WhiteHouse
adarrow,FLOTUS44
adarrow,FLOTUS
adarrow,POTUS44
adarrow,EldridgeGravy
adarrow,jessleeST
adarrow,jsoltero
JakeP,Nate_Cohn
JakeP,RealTimeWWII
JakeP,anniejevans
JakeP,AndyRichter
JakeP,DesignTimes
JakeP,SelfAwareROOMBA
JakeP,BayNature
JakeP,jbarlekamp
JakeP,POTUS44
JakeP,POTUS
JakeP,LosFelizDaycare
JakeP,TerbilDraems
JakeP,rubbishdrawings
JakeP,NeutralGroundCo
JakeP,ScoutAlarm
JakeP,message
JakeP,blankonblank
JakeP,USDS
JakeP,SFBARTalert
JakeP,GoogleDesign
kimisperros,argonne
kimisperros,GiorgioPatrini
kimisperros,AtlantaCTSI
kimisperros,AtlPedsResearch
kimisperros,hongliangjie
kimisperros,eleni_kosta
kimisperros,MTrrnt
kimisperros,negar_rz
kimisperros,Etsy
kimisperros,approxcorrect
kimisperros,ArthurGretton
kimisperros,wellingmax
kimisperros,ChrLouizos
kimisperros,crude2refined
kimisperros,Northeastern
kimisperros,ProfDaveAndress
kimisperros,cervisiarius
kimisperros,nuclearkatie
kimisperros,jxnlco
kimisperros,stitchfix_algo
Prof_DavidBader,tiffanyshlain
Prof_DavidBader,moehlert
Prof_DavidBader,ken_goldberg
Prof_DavidBader,WeAreLogikk
Prof_DavidBader,Polymathochist
Prof_DavidBader,Tommy_4WD
Prof_DavidBader,jpaljasma
Prof_DavidBader,Shakeelr
Prof_DavidBader,AllenTweeted
Prof_DavidBader,UBibhu
Prof_DavidBader,RajaBommedeni
Prof_DavidBader,mdsolex
Prof_DavidBader,NolanMatthew
Prof_DavidBader,khanmumtaz1
Prof_DavidBader,GaryThomson14
Prof_DavidBader,jmsunico
Prof_DavidBader,iHarishPal
Prof_DavidBader,ottonenn
Prof_DavidBader,OptioneerJM
Prof_DavidBader,RCbeybe
jonfroehlich,rameses888
jonfroehlich,rajakushalnagar
jonfroehlich,jesshami
jonfroehlich,ProactiveSleep
jonfroehlich,HandicapThis
jonfroehlich,PoloChau
jonfroehlich,AbeDavis
jonfroehlich,graydesign
jonfroehlich,DavidNemer
jonfroehlich,yasssjasss
jonfroehlich,vj_chidambaram
jonfroehlich,thompsonpat
jonfroehlich,User1st
jonfroehlich,bendevane
jonfroehlich,AMAC_tweet
jonfroehlich,MikeySaugstad
jonfroehlich,ahaAtARO
jonfroehlich,saiphcita
jonfroehlich,twi_mar
jonfroehlich,yervonner
ibogost,kaitlinofficial
ibogost,coralsncaves
ibogost,dezeen
ibogost,iconeye
ibogost,Gastropodcast
ibogost,blueprintmag
ibogost,nicolatwilley
ibogost,tucker_ft
ibogost,tsmullaney
ibogost,markrobsf
ibogost,compilerguy
ibogost,deaneckles
ibogost,murraysd_
ibogost,GaTech_Planning
ibogost,zerobox
ibogost,NewUrbanism
ibogost,Mlsif
ibogost,MatthewGombolay
ibogost,Chartbeat
ibogost,CAH
khusape,glennsolomon
khusape,caldbeckj
khusape,meseali
khusape,pranjal_1981
khusape,vijaya
khusape,kcoleman
khusape,ArlanWasHere
khusape,sidpandey
khusape,djtokyo
khusape,rohitjain
khusape,mukuls97
khusape,NavinChaddha
khusape,hitobs
khusape,dkhare
khusape,leotor
khusape,anand_raj
khusape,venky13
khusape,manish_saarthi
khusape,arvindax
khusape,suniltom
TheNextCorner,JonathanWilbur
TheNextCorner,ChristiJOlson
TheNextCorner,ChristiJBOlson
TheNextCorner,NWSBayArea
TheNextCorner,MoneyLynch
TheNextCorner,HSBC
TheNextCorner,TheJudge44
TheNextCorner,farmshelf
TheNextCorner,elguapo
TheNextCorner,thecounter
TheNextCorner,jaychoag
TheNextCorner,woodymarshall
TheNextCorner,TCVTech
TheNextCorner,nicoberman
TheNextCorner,warpling
TheNextCorner,MariekeRakt
TheNextCorner,laurashin
TheNextCorner,foe_us
TheNextCorner,EcoWatch
TheNextCorner,BOTUS
zkancs,b0rk
zkancs,LauraBehrensWu
zkancs,BlackGirlsCode
zkancs,sheplusplus
zkancs,portainerio
zkancs,KnowYourCompany
zkancs,cjlew23
zkancs,sxywu
zkancs,alignedleft
zkancs,tdda0
zkancs,NodeSource
zkancs,zzbennett
zkancs,stitchfix_algo
zkancs,reworkpodcast
zkancs,janexwang
zkancs,rsalakhu
zkancs,nalkalchbrenner
zkancs,OriolVinyalsML
zkancs,goodfellow_ian
zkancs,sirajraval
ddol,JamesTamplin
ddol,VelodyneLidar
ddol,CorrectNames
ddol,Kernasovskiy
ddol,aristeinberg
ddol,fivetentaylor
ddol,thereaIbanksy
ddol,kimmaicutler
ddol,atlasobscura
ddol,migueldeicaza
ddol,fredwilson
ddol,davemcclure
ddol,arstechnica
ddol,Voxitay
ddol,ConanOBrien
ddol,NASA
ddol,StephenAtHome
ddol,bballinger
ddol,CaseyNeistat
ddol,rebrosepdx
CptPositive,aclear
CptPositive,scottOfTheSci
CptPositive,shaunkane
CptPositive,jure
CptPositive,EatClubOrg
CptPositive,MenInBlazers
CptPositive,jofish
CptPositive,ayman
CptPositive,informor
CptPositive,lanayarosh
CptPositive,jwiese
CptPositive,NGorm
CptPositive,gillianrhayes
CptPositive,aninddey
CptPositive,marlowja
CptPositive,AndyRichter
CptPositive,ACMUIST
CptPositive,bigdata4people
CptPositive,WillJosephCook
CptPositive,manwhohasitall
GTRI,tweeplers
GTRI,VAVetBenefits
GTRI,DeptVetAffairs
GTRI,stampshealth
GTRI,FerstCenter
GTRI,CarolineGWood
GTRI,SSEFGeorgia
GTRI,BuildingIoT
GTRI,NetOfEverything
GTRI,iotconsortium
GTRI,TheIoT
GTRI,carolrclark
GTRI,ConversationEDU
GTRI,Alltop
GTRI,FromTheLabBench
GTRI,BuzzHootRoar
GTRI,ConversationUS
GTRI,duvall_jd2
GTRI,C4ISRNET
GTRI,PhysicsCentral
kedwards,NotAltWorld
kedwards,BarackObama
kedwards,HalfOnionInABag
kedwards,cursedimages
kedwards,internetofshit
kedwards,clmazin
kedwards,Snowden
kedwards,Oatmeal
kedwards,hcdeUW
kedwards,AwardsDarwin
kedwards,colin2sheds
kedwards,blairmacintyre
kedwards,GeorgiaTech
kedwards,ryangravel
kedwards,professorBodker
kedwards,beltlinepiper
kedwards,andrewmiller
kedwards,verbicidal
kedwards,asbruckman
kedwards,GavinNewsom
goodfellow_ian,neilhimself
goodfellow_ian,indicoData
goodfellow_ian,geoffreyirving
goodfellow_ian,gstsdn
goodfellow_ian,cjmaddison
goodfellow_ian,machinaut
goodfellow_ian,yeewhye
goodfellow_ian,robertskmiles
goodfellow_ian,rivatez
goodfellow_ian,gyomalin_ML
goodfellow_ian,VitalikButerin
goodfellow_ian,TheGradient
goodfellow_ian,lschmidt3
goodfellow_ian,aleks_madry
goodfellow_ian,SwiftOnSecurity
goodfellow_ian,internetofshit
goodfellow_ian,dabkowski_piotr
goodfellow_ian,yarbro
goodfellow_ian,GreeneScientist
goodfellow_ian,Reillymj
dennybritz,VahidK
dennybritz,yablak
dennybritz,HirokoTabuchi
dennybritz,cinjoncin
dennybritz,LauraDeming
dennybritz,Samuel_DavidA
dennybritz,TheRealBenBall
dennybritz,lukede0
dennybritz,animesh_garg
dennybritz,mpd37
dennybritz,KaiLashArul
dennybritz,sbmckeon
dennybritz,lishali88
dennybritz,Img_Prasanna
dennybritz,FeryalMP
dennybritz,dmonett
dennybritz,Brombadil
dennybritz,tkasasagi
dennybritz,BenedictEvans
dennybritz,carlcarrie
austinbenson,wiccornell
austinbenson,cornell_data
austinbenson,WittedNote
austinbenson,vsergei
austinbenson,dsivakumar
austinbenson,adityagrover_
austinbenson,louishyman
austinbenson,frank8m
austinbenson,UnitFact
austinbenson,earnmyturns
austinbenson,ClickHole
austinbenson,stoll_martin
austinbenson,PaulGAllen
austinbenson,cornell_tech
austinbenson,bouzoukipunks
austinbenson,RealTimeWWII
austinbenson,Prof_DavidBader
austinbenson,mlgworkshop
austinbenson,Himeldev
austinbenson,natefoster
BarAlc58,severinhacker
TheG_Type,severinhacker
ArchAngelLPV,severinhacker
burculantonija,severinhacker
AdityaA19118052,severinhacker
RaffMisceo,severinhacker
MikeCaps,severinhacker
AwesomePittsbgh,severinhacker
hackernewsbot_,severinhacker
AlexKlarfeld,severinhacker
LLevasseur75,severinhacker
erichorvitz,severinhacker
PioneerMedy,severinhacker
hernan_katz,severinhacker
GazelSolange,severinhacker
Edgaral05445590,severinhacker
egyseal,severinhacker
iseeyounyoucfu,severinhacker
vtang_25,severinhacker
RushKeegan,severinhacker
danz_68,albertocairo
kwaik_,albertocairo
Giants_Collide,albertocairo
stephanseufert,albertocairo
kjhogo,albertocairo
tr1vialtrivium,albertocairo
aseret_hcucrob,albertocairo
trojanfig,albertocairo
Doctor_Dick_MD,albertocairo
DrKathrynGordon,albertocairo
Warx2TheMovie,albertocairo
FdzulM,albertocairo
petitecosmik,albertocairo
ulasbagci,albertocairo
ats2ye,albertocairo
andremacedo,albertocairo
FerdiaOHanrahan,albertocairo
FinerMargins,albertocairo
ManuTRILH,albertocairo
bumseat714,albertocairo
flekschas,FisherDanyel
ken_hinckley,FisherDanyel
hmlizama,FisherDanyel
CatchKD7,FisherDanyel
jawalnut,FisherDanyel
PoloChau,FisherDanyel
yanlofe,FisherDanyel
philogb,FisherDanyel
SeattleHarvest,FisherDanyel
nickyzhi123,FisherDanyel
univienna_vda,FisherDanyel
minsukkahng,FisherDanyel
JennyRLyons,FisherDanyel
amitkaps,FisherDanyel
namwkim85,FisherDanyel
pciuccarelli,FisherDanyel
Metti_Hoof,FisherDanyel
nikiubel,FisherDanyel
markvsql,FisherDanyel
azatulep,FisherDanyel
ShivaniAurora,LMNault
JackPhan,LMNault
PoloChau,LMNault
darksunshinedee,LMNault
ericsimons,LMNault
James044Brian,LMNault
ubikretail,LMNault
UXsnack,LMNault
venture12,LMNault
goshospain,LMNault
missiongirl4,LMNault
shodoshan,LMNault
LisaDOhio,LMNault
NoeticSeries,LMNault
LoveNVRDiesBook,LMNault
ipevzner,LMNault
nelsonmarteleir,LMNault
martinlong82,LMNault
mrpderbs,LMNault
banerjee_mamata,LMNault
andysz,adarrow
PoloChau,adarrow
kplusr2,adarrow
UXsnack,adarrow
Antonioflpalenc,adarrow
kenudigit,adarrow
delcarpio321,adarrow
rideamigos,adarrow
neela_bell,adarrow
bethgalambos,adarrow
BrittneyBush,adarrow
wrdarrow,adarrow
ModusInstitute,adarrow
zaidhisham,adarrow
peacokle,adarrow
banerjee_mamata,adarrow
Nonnormalizable,adarrow
LaurentJanolin,adarrow
BurlinBritta,adarrow
Phooj,adarrow
PoloChau,JakeP
coachdotme,JakeP
ElenaWerdath,JakeP
hazeshanshan,JakeP
Africa_VC,JakeP
lottisbp,JakeP
SouthCountyIzik,JakeP
baymonsters,JakeP
cruzisabela995,JakeP
figipyzimapu,JakeP
jbarlekamp,JakeP
PeeringPressure,JakeP
ngoclongnguyen3,JakeP
MountainLionP22,JakeP
RayBeau,JakeP
banerjee_mamata,JakeP
CrowdTMeeting,JakeP
adb19a44f36c456,JakeP
hungviet2004,JakeP
hungviet2004,JakeP
nuclearkatie,kimisperros
BeadedJewlery,kimisperros
PromoStoreOne,kimisperros
OscarJetson,kimisperros
SyidMassiah,kimisperros
WoodFlipbook,kimisperros
sethmessenger32,kimisperros
PoloChau,kimisperros
appliedmldays,kimisperros
minsukkahng,kimisperros
KaterinaElRaheb,kimisperros
Prof_DavidBader,kimisperros
danlizotte,kimisperros
ilknurkabul,kimisperros
junayedjion9,kimisperros
ryanallred,kimisperros
Tobias_Grosser,kimisperros
data_hpz,kimisperros
frank8m,kimisperros
shaden_smith,kimisperros
JennDark,Prof_DavidBader
minsukkahng,Prof_DavidBader
MikeLehrOZA,Prof_DavidBader
sfrechette,Prof_DavidBader
TXCIN_,Prof_DavidBader
jarroyo765,Prof_DavidBader
FrantzJoseph17,Prof_DavidBader
opensourcegeo,Prof_DavidBader
miromarchi,Prof_DavidBader
CMe4Marketing,Prof_DavidBader
Durbin47,Prof_DavidBader
J_Zepp3,Prof_DavidBader
egphatchords,Prof_DavidBader
Shakeelr,Prof_DavidBader
IQPricing,Prof_DavidBader
ahmedjr_16,Prof_DavidBader
BColwell_ALT,Prof_DavidBader
louis_fredlin,Prof_DavidBader
ColonelKubiak,Prof_DavidBader
Dazeinfo,Prof_DavidBader
datuixx,jonfroehlich
aneja_ap,jonfroehlich
rameses888,jonfroehlich
rajakushalnagar,jonfroehlich
skateprofessor,jonfroehlich
RollingWOLimits,jonfroehlich
developerach,jonfroehlich
bookofinnov,jonfroehlich
jwkritchie,jonfroehlich
We_are_upstart,jonfroehlich
britgerontology,jonfroehlich
jeffmatarrese,jonfroehlich
HandicapThis,jonfroehlich
RichardJWood,jonfroehlich
susandra,jonfroehlich
troverman,jonfroehlich
emrek,jonfroehlich
Rowdy_Guy,jonfroehlich
HernisaKacorri,jonfroehlich
a_s_rodriguez,jonfroehlich
MarshallJulius,ibogost
elTav,ibogost
StevenMcRanor,ibogost
beenabadbunny,ibogost
EvilVillainGMES,ibogost
jastai,ibogost
colinschouten,ibogost
justinrcary,ibogost
flarkcon,ibogost
Philpax_,ibogost
_harryb,ibogost
micahtowery,ibogost
LeighAHall,ibogost
post_presence,ibogost
HubfridaysP2,ibogost
state_christian,ibogost
Keithism_,ibogost
cricketgg7,ibogost
klamarama,ibogost
Bobby_hill__,ibogost
theantstand,khusape
Remi_Vladuceanu,khusape
MomFailPodcast,khusape
CAKISANPANDYA,khusape
ProPop2,khusape
devap24,khusape
ahmedalwailly43,khusape
mustafaaidl,khusape
Pmo6dw1295986,khusape
noveliciouss,khusape
FeelThree,khusape
Yhamegroup,khusape
arvindax,khusape
drjoyce_knudsen,khusape
muhamma59993363,khusape
pawankaushal,khusape
Super_Siddy,khusape
TitoBeat1,khusape
ChetanR95756164,khusape
aks_hai,khusape
Sandybillionboy,TheNextCorner
mdraselkhantaj,TheNextCorner
ankitmehra887,TheNextCorner
KaniYarth,TheNextCorner
1HumanFromEarth,TheNextCorner
PHOTOTPB,TheNextCorner
npwleague,TheNextCorner
tag6311,TheNextCorner
1307_Monali,TheNextCorner
NickyC_TKD,TheNextCorner
upkeep_media,TheNextCorner
TimFranklinNJII,TheNextCorner
stanimirak,TheNextCorner
MarshallJulius,TheNextCorner
thermowear,TheNextCorner
PaulaMoise11,TheNextCorner
forty_year,TheNextCorner
rohit_sha,TheNextCorner
kurbanbd,TheNextCorner
allurestrategys,TheNextCorner
daycamp4devs,zkancs
DD_Serena_,zkancs
Nicochan33,zkancs
bjoernsmith,zkancs
tshirthustle,zkancs
ansarisaad,zkancs
georgypython,zkancs
bettstetter,zkancs
oneplus1000,zkancs
rvrkj,zkancs
notsu,zkancs
CTO_AI,zkancs
Mohamed3_AboTal,zkancs
DigidustGrowth,zkancs
dwhsieh,zkancs
TechNativeWire,zkancs
orbittest2,zkancs
EmekaData,zkancs
TAanderud,zkancs
JohnKNLL,zkancs
madbunny_911,ddol
AAthifas97,ddol
CTO_AI,ddol
armandeonna,ddol
OBehaveYourself,ddol
coreyfro,ddol
NikhilS50,ddol
PoloChau,ddol
jonobacon,ddol
JessRTs_a_lot,ddol
Moviebnb,ddol
mostblue1,ddol
georgbauser,ddol
pmaceoin,ddol
gocountly,ddol
GoodAILab,ddol
bananamagick,ddol
acelr8,ddol
HostedGraphite,ddol
Voxitay,ddol
jofish,CptPositive
t0zecorreia,CptPositive
PoloChau,CptPositive
msbernst,CptPositive
scottOfTheSci,CptPositive
ACMIUI,CptPositive
suefussell,CptPositive
IntercultComm,CptPositive
bigdata4people,CptPositive
kkarahal,CptPositive
khai_truong,CptPositive
hciprof,CptPositive
plopesresearch,CptPositive
nediyana,CptPositive
carlagriggio,CptPositive
cosleydr,CptPositive
jeffbigham,CptPositive
mattllee,CptPositive
ideasandinfo,CptPositive
genialee,CptPositive
dsatterfie,GTRI
PBlock96,GTRI
francismwongela,GTRI
Sanguineus21,GTRI
kenzymina,GTRI
LethJody,GTRI
katpatchris,GTRI
lindac0223,GTRI
mikeinajar,GTRI
RamblinJD,GTRI
Raphael_Oger,GTRI
tkread,GTRI
stephanieleejoy,GTRI
KAB_88,GTRI
asjipon,GTRI
Bmaustin7,GTRI
ChereStadler,GTRI
billblackstock,GTRI
Neeleshdas456,GTRI
Airsharksoft,GTRI
bigdata4people,kedwards
debraruh,kedwards
MatthewGombolay,kedwards
ICatGT,kedwards
vivianmotti,kedwards
LexusVitamin,kedwards
PoloChau,kedwards
Shneydave,kedwards
profmikefraser,kedwards
sociallycompute,kedwards
MarinaChong,kedwards
myriadbird,kedwards
thesaadismail,kedwards
Chris_Storm71,kedwards
jr_thomp,kedwards
hide_yourself,kedwards
acmDIS,kedwards
MiJaGourlay,kedwards
Alex_Drunkan,kedwards
acmtochi,kedwards
savvas,goodfellow_ian
Ilya_Zaharkin,goodfellow_ian
KamenBliznashki,goodfellow_ian
LiliaMarga,goodfellow_ian
kalusev,goodfellow_ian
tivitii,goodfellow_ian
ppshampan,goodfellow_ian
phoenix25_7,goodfellow_ian
s_belharbi,goodfellow_ian
bhumi_03,goodfellow_ian
theblackoasis,goodfellow_ian
rounakmehta93,goodfellow_ian
lucasbrynte,goodfellow_ian
shtowever,goodfellow_ian
Mariorobertobr,goodfellow_ian
BigDataWizard,goodfellow_ian
lfpelison,goodfellow_ian
fcpcolo,goodfellow_ian
Mitch_McK,goodfellow_ian
efoncubierta,goodfellow_ian
SCVgeo,dennybritz
altscifi_,dennybritz
JohnPlatt44,dennybritz
blancemorris,dennybritz
aswathm78,dennybritz
brauliobarahona,dennybritz
propatrio,dennybritz
Macholearning,dennybritz
varshapwalia,dennybritz
jokes_for_twats,dennybritz
faro_ai,dennybritz
MijbelF,dennybritz
FKalthoff,dennybritz
BassettHound125,dennybritz
hughman1986,dennybritz
anshumanmishra,dennybritz
EhsanToday,dennybritz
puge1215,dennybritz
anuragbiet,dennybritz
QuantsHub,dennybritz
punirajah,austinbenson
IainLJBrown,austinbenson
vsergei,austinbenson
dsivakumar,austinbenson
m_sendhil,austinbenson
EcoinClub,austinbenson
adityagrover_,austinbenson
KuJerome,austinbenson
BrandiBair,austinbenson
frank8m,austinbenson
sensorcomm12,austinbenson
VerizonSupport,austinbenson
CornellInfoSci,austinbenson
stoll_martin,austinbenson
marcoscarvalho,austinbenson
Prof_DavidBader,austinbenson
mlgworkshop,austinbenson
SkochdopoleTodd,austinbenson
Himeldev,austinbenson
karen_ec_levy,austinbenson